<subsect id='rn-1.1' export='export'>
<subhead>
<title>Release 1.1rc1</title>
</subhead>
<p>Changes to sizing of bitmaps: a <code>papersize</code> special has
been added, and it should now be the case that changes to this size,
take effect for the first page in the file, if the special appears
before any text on the page.  The handling of <code>--width</code> and
<code>--height</code> has changed: they are now more rational/consistent, in the
sense that they should respect changes to the magnification specified
on the command line, in a way which is less dependent on the order of
options; it's possible this will result in changes to the program's
behaviour in some circumstances.</p>
<p>Fixed a previously-long-unnoticed error in the size of USLetter paper.</p>
</subsect>

<subsect id='rn-1.0' export='export'>
<subhead>
<title>Release 1.0</title>
</subhead>
<p>Much delayed release of 1.0</p>
</subsect>

<subsect id="rn-0.14b1" export="export">
<subhead>
<title>Release 0.14b1</title>
</subhead>
<p>The handling of the `mark' special should now work in more/all
  cases, along with handling of bitmap crops.  Fixed at least one
  off-by-one (-like) error reported by Guillaume Melquiond.</p>
</subsect>

<subsect id="rn-0.13" export="export">
<subhead>
<title>Release 0.13</title>
</subhead>
<p>No changes from 0.13b3</p>
</subsect>

<subsect id="rn-0.13b3" export="export">
  <subhead>
    <title>Release 0.13b3</title>
  </subhead>

  <p>No functionality changes</p>
  <p>Small bug-fixes, from beta-testers</p>
  <p>A couple of configuration fixes, for portability.  The configure option
    <code>--enable-gif</code> is now the default.</p>
</subsect>

<subsect id="rn-0.13b2" export="export">
  <subhead>
    <title>Release 0.13b2</title>
  </subhead>

  <p>There are no significant functionality changes from 0.12-2.
    However the build system
    changed significantly when the repository was relocated to sourceforge, and
    this warrants a new minor version, since the required changes,
    though they should be leaving the functionality unchanged, are
    more than just bugfixes.</p>

</subsect>

<subsect id="rn-0.12-2" export="export">
  <subhead>
    <title>Release 0.12-2</title>
  </subhead>

  <p>Bugfix release.
    <ul>
      <li>
        <p>The mmap configure code was wrong in that, while it wouldn't
          attempt to call mmap() on systems without a working mmap
          (`working' according to the AC_FUNC_MMAP test), it would try
          to compile it, which is incorrect.</p></li>

      <li><p>The problem was reported by a user who was building it under
          cygwin.  The <code>./configure</code> output which he
          forwarded suggested that the system did have
          <code>mman.h</code>, but didn't have a `working' 
          mmap -- so <em>it</em> thinks it's got mmap, but autoconf
          disagrees (I've no idea what autoconf takes as `working').
          The actual report was an `invalid cast' error which I've
          fixed.</p></li>
    </ul>
  </p>
</subsect>

<subsect id="rn-0.12-1" export="export">
  <subhead>
    <title>Release 0.12-1</title>
  </subhead>

  <p>Bugfix release.
    <ul>
      <li><p>Add configure code to cope with systems which declare mmap but
          fail to declare <code>MAP_FAILED</code> (required by Single Unix and
          POSIX).</p>
      </li>
    </ul>
  </p>
</subsect>

<subsect id="rn-0.12" export="export">
  <subhead>
    <title>Release 0.12</title>
  </subhead>

  <p>New and changed functionality:
    <ul>
      <li>
        <p>None -- no functionality changes from 0.12b2</p>
      </li>
    </ul>
  </p>
</subsect>

<subsect id="rn-0.12b2" export="export">
  <subhead>
    <title>Release 0.12b2</title>
  </subhead>

  <p>New and changed functionality:
    <ul>
      <li>
        <p>Add `unit' special, and fix bugs in the `mark' and `strut'
          specials.  This causes a few single-pixel changes in the
          reported locations of marks and the bounding-boxes coerced
          by struts.</p>
      </li>

      <li>
        <p>Conversions between units (`pt', `cm', and so on) are
          generalised, and extra library functionality means you'll
          get this right more often.</p></li>

      <li>
        <p>Refactoring of internal logic handling magnification and
          unit conversions.  This is tremendously error-prone, and
          difficult to write a regression test for, but it produces
          apparently correct results as far as I've been able to test
          it.  Be on the lookout for subtle errors.</p></li>

      <li><p>Various uninitialised-variable bugs caught.</p></li>

    </ul>
  </p>
</subsect>

<subsect id="rn-0.12b1" export="export">
  <subhead>
    <title>Release 0.12b1</title>
  </subhead>

  <p>New and changed functionality:
    <ul>
      <li>
        <p>Input files are now mapped (using mmap(2)) if that functionality
          is available, and if they're determined to be seekable (ie, not a
          pipe).  This should increase the speed of access to large DVI files
          (but this probably wasn't a huge bottleneck before).</p>
      </li>

      <li>
        <p>Modified DviFile::currH and currV so that they now report
          positions in multiple more useful units.  Enhanced library
          documentation.</p>
      </li>

      <li>
        <p>Added dvireport.cc program to report the contents of DVI files
          (in a different way from the dv2dt suite), which also acts as an
          example of the use of the library.</p>
      </li>

      <li>
        <p>Modify <code>--output</code> so that if there is no `%'
          character in the `pattern', <code>dvi2bitmap</code> takes this to be
          the name of the one output file; omitting the `%' was previously an
          error.</p>
      </li>

      <li>
        <p>Added `mark' special; the format of the
          <code>--query=bitmaps</code> output has been consequently slightly
          enhanced.</p>
      </li>

      <li>
        <p>Modified interface to <code>DviFile::getEvent</code> so that
          the returned event should be released by a method call, rather than
          <code>delete</code>.</p>
      </li>

      <li>
        <p>Fixed bug which meant DviFile could search for PK files in
          demented sizes (non-initialised variable...)</p>
      </li>
    </ul>
  </p>
</subsect>

<subsect id="rn-0.11" export="export">
  <subhead>
    <title>Release 0.11</title>
  </subhead>

  <p>Bugfixes: correct semantics of DviFile::getEndOfPage, so that
    skipping the last page now works; and Bitmap::scaleDown, so that
    creating multiple bitmaps now works again.</p>

  <p>Reorder checks in configure, for robustness</p>
</subsect>

<subsect id="rn-0.11b1" export="export">
  <subhead>
    <title>Release 0.11b1</title>
  </subhead>

  <p>Major developments:
    <ul>
      <li>
        <p>The program is a wrapper for libdvi2bitmap, a library which
          abstracts DVI and PK files, Bitmaps, and various other
          objects supporting these.  This is built as both a static
          and a shareable library.</p>
      </li>

      <li>
        <p>Can read DVI files from a non-seekable stream such as a
          pipe.</p></li>
      
      <li>
        <p>Internal bitmaps are now expandable (no more guessing the output
          bitmap size)</p>
      </li>

      <li>
        <p>Build system redone using automake and libtool</p>
      </li>

      <li>
        <p>Released under the GPL.</p>
      </li>

      <li>
        <p>A few minor option changes (hopefully the last ones) since the
          previous version</p>
      </li>

    </ul>
  </p>

</subsect>

<subsect id="rn-0.10" export="export">
  <subhead>
    <title>Release 0.10b1</title>
  </subhead>

  <p><code>dvi2bitmap</code> is now GPLed!</p>

  <p>Option processing has completely changed, with long options added, and
the short options reorganised.  The following table highlights
important changes, where there is a straightforward mapping.

    <tabular>
      <tgroup cols="3">
        <colspec colnum="3" align="center"/>

        <thead>
          <row>
            <entry>old</entry>
            <entry>new</entry>
            <entry>Note</entry>
          </row>
        </thead>

        <tbody>
          <row>
            <entry><code>-bh</code></entry>
            <entry><code>-h, --height</code></entry>
          </row>

          <row>
            <entry><code>-bw</code></entry>
            <entry><code>-w, --width</code></entry>
          </row>

          <row>
            <entry><code>-bp</code></entry>
            <entry><code>-t, --paper-size</code></entry>
          </row>

          <row>
            <entry><code>-C, -c</code></entry>
            <entry><code>-c, --crop</code></entry>
          </row>

          <row>
            <entry><code>-fp</code></entry>
            <entry><code>-F, --font-search</code></entry>
            <entry>[1]</entry>
          </row>

          <row>
            <entry><code>-fm</code></entry>
            <entry><code>-M, --font-mode</code></entry>
          </row>

          <row>
            <entry><code>-fg, -fG</code></entry>
            <entry><code>-G, --font-gen</code></entry>
          </row>

          <row>
            <entry><code>-g</code></entry>
            <entry><code>-g, --debug</code></entry>
          </row>

          <row>
            <entry><code>-m</code></entry>
            <entry><code>-m, --magnification</code></entry>
          </row>

          <row>
            <entry><code>-n</code></entry>
            <entry><code>-n, --preamble-only</code></entry>
            <entry>[2]</entry>
          </row>

          <row>
            <entry><code>-l</code></entry>
            <entry><code>-l, --end-page</code></entry>
          </row>

          <row>
            <entry><code>-p</code></entry>
            <entry><code>-p, --start-page</code></entry>
          </row>

          <row>
            <entry><code>-pp</code></entry>
            <entry><code>-P, --page-range</code></entry>
            <entry>[3]</entry>
          </row>

          <row>
            <entry><code>-o</code></entry>
            <entry><code>-o, --output</code></entry>
          </row>

          <row>
            <entry><code>-P</code></entry>
            <entry><code>-X, --process</code></entry>
            <entry>[4]</entry>
          </row>

          <row>
            <entry><code>-q</code></entry>
            <entry><code>-v, --verbose</code></entry>
          </row>

          <row>
            <entry><code>-Q</code></entry>
            <entry><code>-Q, --query</code></entry>
            <entry>[5]</entry>
          </row>

          <row>
            <entry><code>-r</code></entry>
            <entry><code>-r, --resolution</code></entry>
          </row>

          <row>
            <entry><code>-R</code></entry>
            <entry><code>-R, --colours</code></entry>
            <entry>[4]</entry>
          </row>

          <row>
            <entry><code>-s</code></entry>
            <entry><code>-s, --scalefactor</code></entry>
          </row>

          <row>
            <entry><code>-t</code></entry>
            <entry><code>-T, --output-type</code></entry>
          </row>

          <row>
            <entry><code>-V</code></entry>
            <entry><code>-V, --version</code></entry>
          </row>

        </tbody>
      </tgroup>
    </tabular>
  </p>

  <p>Notes:
    <ul>
      <li><p>1: this is now more flexible.  Old <code>-fp mypath</code> is
          now <code>--font-search=path=mypath</code></p></li>

      <li><p>2: <code>-n</code> is (conventional) shorthand for
          <code>--process=preamble-only</code></p></li>

      <li><p>3: page-selection syntax has changed.</p></li>

      <li><p>4: extra syntax added.</p></li>

      <li><p>5: For consistency, <em>none</em> of the query options
          <code>--query</code> now automatially exit.</p></li>

    </ul></p>

  <p>Font searching can now be done by a script specified either at
    compile time, or as the argument to the
    <code>--font-search=command=...</code> option.  This frees you from
    dependence on the <code>kpathsea</code> library, without being
    therefore obliged to specify an explicit font path.
  </p>

  <p>Changes in the configure script:
    <ul>
      <li>
        <p>Configure option <code>--enable-png</code> has turned into
          <code>--with-png</code> for consistency with
          <code>--with-kpathsea</code>, since part of this option's purpose
          is to indicate the possibly non-standard location of the
          <code>libpng</code> library.</p>
      </li>

      <li>
        <p>Addition of <code>--with-fontfinder</code> option.</p>
      </li>

    </ul></p>

</subsect>

<subsect id="rn-0.9-7p1" export="export">
  <subhead>
    <title>Release 0.9-7p1</title>
  </subhead>

  <p>Jeff Holt (<code>jeff.holt@hotsos.com</code>) noted build
    problems.  Either the RedHat includes or gcc have recently become
    fussier, which exposed a clash of prototypes within the kpathsea
    code.  Extra configuration code added to resolve this.</p>
</subsect>

<subsect id="rn-0.9-7" export="export">
  <subhead>
    <title>Release 0.9-7</title>
  </subhead>

  <p>Yamabe Kazuharu (<code>tako_da@qc4.so-net.ne.jp</code>) supplied
    a writer for XPM bitmaps.  This is built-in, not using the XPM
    library (see the <webref
    url="http://www-sop.inria.fr/koala/lehors/xpm.html" HyTime="clink"
    HyNames="linkend url" anchcstr="self required" linktrav="A D"
    loctype="url QUERYLOC URL">XPM home page</webref>), so may not
    support all the XPM functionality.
  </p>
</subsect>

<subsect id="rn-0.9-6" export="export">
  <subhead>
    <title>Release 0.9-6</title>
  </subhead>

  <p>Fixed a character-handling bug.  Oleg Bartunov
    (<code>oleg@sai.msu.su</code>) identified an error in the handling
    of some of the opcodes in the DVI file, which meant that only
    7-bit fonts were being set correctly (how parochial of me!).  He
    also sent me the fix -- many thanks to him.
  </p>

  <p>Also made a change to the options of the configuration script,
    turning <code>--enable-kpathsea</code> back to
    <code>--with-kpathsea</code>, which is more sensible, in
    retrospect (I think the processing of this was rather garbled in
    the previous version).
  </p>
</subsect>

<subsect id="rn-0.9-5" export="export">
  <subhead>
    <title>Release 0.9-5</title>
  </subhead>

  <p>Added some functionality, but more importantly corrected two nasty
font bugs.
    <ul>
      <li><p>Added options <code>-bp</code>, to set initial bitmap
          size based on paper sizes and <code>-Qp</code> to list the
          sizes available.  Added option <code>-PC</code> to turn off
          cropping, which is useful if you want output of a certain
          size.  </p></li>

      <li>
        <p>Fixed a bug which caused fonts loaded at magnified sizes to be
          requested at the wrong size, even though, when they were found to be
          missing, the correct font-generation command was being issued.
        </p></li>

      <li>
        <p>Fixed the longish-standing bug to do with spacing at smaller font
          sizes: cmr7 and cmr12 now look as their maker intended.
        </p></li>

      <li>
        <p>Corrected a bug which caused page-selection to be done
          subtly wrongly (font selections were being ignored, and byte
          values of 140 in DVI data would have caused merry hell).
          </p></li>

      <li>
        <p>configure script: The configuration for PNG now doesn't
          rely on a libpng version better than 0.96.  Font-generation
          is now enabled by default, despite the potential for
          confusion, which should be covered in the documentation.
          </p></li>

      <li>
        <p>Added better diagnostics to InputByteStream.cc, so that if it goes
          wrong, you're given at least a clue why.
        </p></li>

    </ul>
  </p>
</subsect>

<subsect id="rn-0.9-4" export="export">
  <subhead>
    <title>Release 0.9-4</title>
  </subhead>

  <p>No functionality change.  The only difference from release 0.9-4
    is to the packaging for Starlink nodes (added a working
    <code>export_run</code> target).</p>
</subsect>

<subsect id="rn-0.9-3" export="export">
  <subhead>
    <title>Release 0.9-3</title>
  </subhead>

  <p>No significant added functionality to the main program, but:
    <ul>
      <li><p>Added <code>-QG</code> and <code>-Qg</code> options (see
          <ref id="usage.options.q"/>).</p></li>

      <li><p>Added <code>test</code> directory, and test script, which
          aims to give useful advice about setting
          <code>DVI2BITMAP_PK_PATH</code> if that turns out to be
          necessary.</p></li>

      <li><p>More discussing in the documentation about generating
          fonts, specifically referring folk to the `<code>make
          test</code>' target in the Makefile.</p></li>

      <li><p>Now option <code>-q</code> turns off warnings, but not
          errors (was rather inconsistent before), and
          <code>-qq</code> turns off errors, too.</p></li>

    </ul>
  </p>
</subsect>

<subsect id="rn-0.9-2" export="export">
  <subhead>
    <title>Release 0.9-2</title>
  </subhead>

  <p>Bugfix release.  The program was crashing on Suns, when built with
    gcc 2.8.1.  I'm not sure I found any underlying problem, but I fixed
    something, which stopped it crashing for me (Mmmm...).
  </p>

  <p>This release adds a script <code>img-eqlist.pl</code>, to transform
    a file of LaTeX maths fragments into a LaTeX file, keeping track of
    filenames, and avoiding generating duplicate bitmaps for duplicated
    maths.  See <ref id="developments"/>.
  </p>

</subsect>

<subsect id="rn-0.9" export="export">
  <subhead>
    <title>Release 0.9</title>
  </subhead>

  <p>No big changes, but a sufficiently significant change in the
    functionality to require a new minor version, rather than just a new
    release number.
    <ul>
      <li>
        <p>The <code>-Q</code> options (see <ref
            id="usage.options.q"/>) now write their output lines (to
            stdout) prefixed by the option letters, so that the output
            of <code>-Qf</code> now consists of lines starting
            `<code>Qf </code>'.  This makes it easier to disentangle
            the output if several of these options are present -- it
            was added when option <code>-Qb</code> was added -- but
            means that any scripts parsing the previous version's
            output would break.  </p></li><li><p>Options
            <code>-Rf</code> and <code>-Rb</code> added (see <ref
            id="usage.options.r"/>), to set the foreground and
            background colours on the command line, rather than just
            using the <ref id="usage.special.fg">foreground
            special</ref>.  This is still a bit rudimentary, as it can
            be done only once, for the whole document.</p>
      </li>

      <li><p>Some improvements to the PNG output, so that when
          transparent PNGs are viewed against their `natural'
          background, they look the same as the same image without
          transparency (ie, I fixed the relationship of the output
          palette and the alpha channel in this case).</p></li>

    </ul>
  </p>

</subsect>

<subsect id="rn-0.8" export="export">
  <subhead>
    <title>Release 0.8</title>
  </subhead>

  <p>Added support for palettised PNG output.  This was intended to
    allow me to support full transparency on PNGs, but the particular case
    which is appropriate for this seems to be very poorly supported in PNG
    viewers, so, although I believe the output to be correct, you can't
    see the benefit in most cases.
  </p>

  <p>That made it easy to support changing the foreground and background
    colours for output text, so I did that as an encore.
  </p>

  <p>Added the `strut' special.</p>
</subsect>

<subsect id="rn-0.7" export="export">
  <subhead>
    <title>Release 0.7</title>
  </subhead>

  <p>Version number fiddling: this is still beta software, and as such
    shouldn't be sent out with a major version number of 1.  Also, I'd
    been updating the `release number' (after the hyphen) with new
    releases -- this is incorrect, as this should indicate only
    bug-fixing or documentation changes, rather than changes in
    functionality.  I've therefore rationalised the version numbering,
    and changed history to the extent of modifying the notes in this
    ReleaseNotes section.  This shouldn't cause significant confusion,
    as this package has up to now only been circulated internally.</p>

  <p>Added support for PNG graphics, using the libpng library, if it's
    installed.</p>

  <p>The Metafont mode used for building fonts is now configurable at
    runtime; the default is configurable at configuration time; and
    default default (!) mode and resolution now properly match, so
    that you no longer have to give the <code>-r</code> option every
    single time.</p>

  <p>The manpage source was brought up to date.</p>

  <p>The <code>-f</code> option was split into the <code>-fp</code>,
    <code>-fm</code>, <code>-fg</code> and <code>-fG</code>
    options.</p>

  <p>The <code>--enable-fontgen</code> flag was added to the
    configuration script.</p>

  <p>Various clarifications to the documentation.</p>

  <p>Assorted tidy-ups to get it to satisfy <code>-Wall</code> on a wider
    range of platforms.</p>

</subsect>

<subsect id="rn-0.6" export="export">
  <subhead>
    <title>Release 0.6</title>
  </subhead>
  
  <p>Added support to allow the program to lie about its name.  For a
    discussion of the need for this, see <ref
    id="usage.fonts.finding"/>.</p>

</subsect>

<subsect id="rn-0.5" export="export">
  <subhead>
    <title>Release 0.5</title>
  </subhead>

  <p>Missing fonts are now generated by the program, and the
    <code>TEXMFCNF</code> variable is now set automatically (unless that
    behaviour is suppressed at configuration time).
  </p>

  <p>Support for more sophisticated cropping.</p>
</subsect>

<subsect id="rn-0.4" export="export">
  <subhead>
    <title>Release 0.4</title>
  </subhead>

  <p>The <code>DVI2BITMAP_PK_PATH</code> environment variable now accepts a
    colon-separated list of directories to search.  The font searching
    algorithm which uses that variable now does the font-size rounding
    calculation properly, and will additionally search for fonts within
    0.2% of the target size, as required by the DVI Driver
    Standard.</p>

  <p>The kpathsea font searching mechanism is still the preferred way of
    finding fonts, but since many folk don't have, or don't want to
    obtain, access to the library, I've made the simple
    font-searching algorithm marginally more sophisticated, as described
    above.</p>
</subsect>

<subsect id="rn-0.3" export="export">
  <subhead>
    <title>Release 0.3</title>
  </subhead>

  <p>No significant changes to functionality, but a couple of
    documentation and packaging improvements.</p>
</subsect>

<!-- Local Variables: -->
<!-- mode: xml -->
<!-- sgml-parent-document: ("ssn71.xml" "ssn" "sect" ("subhead")) -->
<!-- End: -->
