<?xml version="1.0"?>

<!DOCTYPE defectslist
	PUBLIC "+//IDN astro.gla.ac.uk::norman//DTD Defects List//EN"
	"defects.dtd">

<defectslist>

<title>dvi2bitmap defects/issues list</title>

<version>$Revision$</version>
<date>$Date$</date>

<p>This list contains the current defects/issues list for the
dvi2bitmap application.  As well as specific deficiencies, these
`defects' include items which are merely suggestions or TODOs</p>

<p>These are in no particular order, and some have a higher priority
than others.</p>

<!-- DO NOT CHANGE THE ORDER OF ELEMENTS IN THIS FILE.
     They're numbered when they're formatted, and it'd be nice to keep
     those numbers correct.
     -->

<defectgroup>
<title>General</title>

<defect status="closed" 
	originator="Eitan Gurari"
	originatoremail="gurari@cis.ohio-state.edu"
	date='13-May-2000'>

<title>dvi2bitmap crashes/hangs when given non-existent input file</title>
<p>Most mysterious.  The problem seems to be confined to versions of
the program build with gcc.  It builds OK using Sun's and Compaq's C++
compilers, and with egcs-2.91.66.  Eitan was using gcc 2.8.1 on a
Sparc and it dumped core; I tried building with apparently the same
compiler on a Sparc (hermes), and it didn't dump core, but it did seem
to hang.  Poking around with gdb suggests it's hanging somewhere in a
library destructor, but this is still a little obscure.</p>

<resolution status="deferred"
	author="Norman"
	date="12-Jun-2000"
	note="DviFile.cc, revision 1.31">

<p>On further investigation (12-Jun-2000) I found it crashing at a
variety of places when invoked with a non-existent file as argument.
It seemed to be getting itself confused about thrown
exceptions (which is what happens when it can't open an input file),
executing bits of code it shouldn't, and understandably, therefore,
getting itself in a terrible mess.  By making some code a little more
paranoid, I've made the problem go away, but this is unsatisfying, as
I haven't really explained what was going wrong in the first place.
It's quite possible I'm doing something illegitimate with the
exceptions, but I'm also wondering if it's not gcc 2.8.1 which is at
fault, especially as the code has survived the much fussier
examination of the Sun and Compaq compilers.</p>

<p>Thus, this is closed, unless I find that there is some problem that 
definitely isn't down to the compiler.</p>

</resolution>
</defect>

<defect status="closed"
	originator="Norman">

<title>Spacing at small sizes</title>
<p>Spacing in small fonts is wrong.  If you write $x^{123}$ or
${\scriptstyle \cos x}$, the `123' and the `cos' are strung out from
each other.  It also seems to happen with small-caps.  At first, I
thought this was to do with the drift-checking, described in the DVI
standard section 2.6.2, perhaps because maths fonts have several zero
fontdimen parameters (see the TeXBook, appendix F) but it persists
even when that's turned right off.  Also, it's actually wrong with a
variety of small fonts, such as cmr7, not in specifically maths fonts.
Most puzzling.</p>

<resolution status="fixed"
	author="Norman"
	date="28-Jun-2000"
	note="PkFont.h, revision 1.32">

<p>Finally tracked this down to a bit of defensive programming in the
definition of PkFont::designSize(), which was returning the correct
answer at all times except when it really mattered, during
font-reading, when it always returned 10pt.</p>

</resolution>
</defect>

<defect status="closed"
	originator="Walter Boehm"
	originatoremail="boehm@isis.wu-wien.ac.at"
	date="13-Sep-2000">

<title>Horizontal spacing wrong when used with magnified fonts</title>

<p>The following LaTeX document displays the problem:
<verbatim>
\documentclass[11pt]{article}
\thispagestyle{empty}
\begin{document}
\begin{tabular}{r|c|l}
                  1 &amp; 2   &amp; 3   \\
here are some words &amp; 2   &amp; 3   \\
                    &amp; 5   &amp; 6   \\
       other words  &amp; 8   &amp; 9   \\
       other words  &amp; 101 &amp; 102 \\
\end{tabular}
\end{document}
</verbatim>
</p>

<p>When you LaTeX that and run it through dvi2bitmap, the horizontal
spacing of the vertical lines in the table is wrong.  This
<em>only</em> happens if you use the 11pt document class option. It
turns out that if you use the 10pt documentclass option (the default)
or 12pt, then you get cmr10 or cmr12 respectively, in the DVI file;
but if you use 11pt, LaTeX (or rather the font-selection scheme) uses
magnified cmr10.  In other words, this appears to be yet another font
magnification problem!  Grrr -- why is this so hard?</p>

<p>This is displayed very clearly by the following Plain file (thanks to
`TenThumbs' at the USNO, noted 2002 July 25):
<verbatim>
\font\vlarge = cmr10 scaled\magstep4
\nopagenumbers
\vlarge BOLD words indeed
\bye
</verbatim>
which produces a bitmap which is very scrunched up horizontally, and
thus makes it transparently clear that it is specifically font 
magnification that's confused.  Sigh, again.
</p>

<resolution status="fixed"
        author="Norman"
        date="28-Jul-2002"
        note="Mostly DviFile.cc, release 0.9-7p1">
<p>DVI file and PK file magnification were slightly confused, in ways
far too subtle to explain here.  Sigh, again (why not).</p>
</resolution>
</defect>

</defectgroup>

</defectslist>
